<?xml version="1.0" encoding="utf-8" standalone="yes"?>
<rss version="2.0" xmlns:atom="http://www.w3.org/2005/Atom">
  <channel>
    <title>sagarayi</title>
    <link>https://sagarayi.github.io/</link>
    <description>Recent content on sagarayi</description>
    <generator>Hugo -- gohugo.io</generator>
    <language>en</language>
    <lastBuildDate>Wed, 18 Dec 2019 00:00:00 +0000</lastBuildDate>
    
	<atom:link href="https://sagarayi.github.io/index.xml" rel="self" type="application/rss+xml" />
    
    
    <item>
      <title>New website deployed</title>
      <link>https://sagarayi.github.io/posts/new-website-deployed/</link>
      <pubDate>Wed, 18 Dec 2019 00:00:00 +0000</pubDate>
      
      <guid>https://sagarayi.github.io/posts/new-website-deployed/</guid>
      <description>The new website is out, finally. It&amp;rsquo;s not that it took these many days to work on this or something, but, while changing jobs and coming to master&amp;rsquo;s, I just could not find time to do this. But good that I have deployed it in this at least now.
About this website I have used Hugo static site generator to build this site and the theme name that I am using is called the Coder theme.</description>
    </item>
    
    <item>
      <title>The art of doing nothing</title>
      <link>https://sagarayi.github.io/posts/the-art-of-doing-nothing/</link>
      <pubDate>Fri, 15 Jun 2018 00:00:00 +0000</pubDate>
      
      <guid>https://sagarayi.github.io/posts/the-art-of-doing-nothing/</guid>
      <description>This article is not some magical spell kind of an essay that makes you devoid of the curse known as “Procrastination”, so it is better to keep aside your expectations and enjoy this small yet interesting post.
Many a times in our lives we get bright ideas such as, an idea for the next unicorn startup, a solution for the traffic problem in Bangalore, or even smaller scale ideas like, garbage disposal problem in your house, keeping the house clean, organising ourselves, etc.</description>
    </item>
    
    <item>
      <title>Welcome to my website</title>
      <link>https://sagarayi.github.io/posts/welcome-to-my-website/</link>
      <pubDate>Thu, 14 Jun 2018 00:00:00 +0000</pubDate>
      
      <guid>https://sagarayi.github.io/posts/welcome-to-my-website/</guid>
      <description>Found this amazing template, so checking it out. Will update the content here as and when I have something sensible to say.
Peace !!</description>
    </item>
    
    <item>
      <title>About Me</title>
      <link>https://sagarayi.github.io/about/</link>
      <pubDate>Mon, 01 Jan 0001 00:00:00 +0000</pubDate>
      
      <guid>https://sagarayi.github.io/about/</guid>
      <description> Currently a Master&amp;rsquo;s student in computer science at Northeastern University, Boston, MA. If you want to know me professionally, here is my resume.
Things you won&amp;rsquo;t find on my resume  Love to drive cars and bikes. Anytime. Always updated with latest in the tech world. In fact, I am updated about most things in the world 😎 An avid sleeper. Always blue !!!  </description>
    </item>
    
  </channel>
</rss>